argument,strength,fallacy
"Electric cars are bad because charging takes long.","Weak","Hasty Generalization"
"Exercise improves mood and overall physical health.","Strong","None"
"Social media is harmful because it ruins every teenager's life.","Weak","Exaggeration"
"Recycling reduces environmental pollution and saves resources.","Strong","None"
"Online classes are useless because I don't like them.","Weak","Personal Bias"
"Climate change is real because scientists have proven it repeatedly.","Strong","None"
"If you fail once, you will fail in life forever.","Weak","Overgeneralization"
"Drinking warm water helps digestion, according to health experts.","Medium","None"
"Everyone knows politicians always lie.","Weak","Hasty Generalization"
"Reading daily improves vocabulary and cognitive skills.","Strong","None"
"Phones are bad because my friend got addicted.","Weak","False Cause"
"Sleeping 8 hours increases productivity and focus.","Strong","None"
"This product must be good because celebrities promote it.","Weak","Appeal to Authority"
"If we allow video games, all kids will become violent.","Weak","Slippery Slope"
"Reducing plastic use decreases ocean pollution.","Strong","None"
"I think online payments are unsafe because I feel scared.","Weak","Appeal to Emotion"
"Vaccines save lives and reduce disease spread.","Strong","None"
"This restaurant is terrible because I didn’t like the soup.","Weak","Personal Bias"
"Plants grow faster when they get sufficient sunlight.","Strong","None"
"Everyone who works in tech becomes rich.","Weak","Hasty Generalization"
"Mindfulness reduces stress and improves focus.","Strong","None"
"If you don’t study, you will definitely fail every exam.","Weak","Overgeneralization"
"Walking daily lowers chances of heart problems.","Strong","None"
"Cars are dangerous because my neighbor had an accident.","Weak","False Cause"
"Healthy food improves energy and reduces fatigue.","Strong","None"
"If someone is rich, they must be intelligent.","Weak","False Cause"
"Saving money helps build financial stability.","Strong","None"
"No one can succeed without luck.","Weak","Overgeneralization"
"Exercise is helpful for maintaining weight and fitness.","Strong","None"
"Online shopping is bad because my one order got delayed.","Weak","Hasty Generalization"
"Drinking water regularly keeps the body hydrated.","Strong","None"
"I failed once, so I know I will fail again.","Weak","Personal Bias"
"If you don't wake up early, your whole day will be ruined.","Weak","Slippery Slope"
"Vaccinations protect communities through herd immunity.","Strong","None"
"Fast food is unhealthy because it usually has high fat and salt.","Medium","None"
"Everyone at office hates meetings.","Weak","Hasty Generalization"
"Studying mathematics improves logical thinking.","Strong","None"
"If you use a phone at night, your eyesight will definitely get damaged.","Weak","Overgeneralization"
"Pollution decreases when people use public transport.","Strong","None"
"I know this job is bad because my cousin said so.","Weak","Appeal to Authority"
"Yoga increases flexibility and reduces stress.","Strong","None"
"If you go to the gym, you will get injured.","Weak","Slippery Slope"
"Reducing screen time improves sleep quality.","Strong","None"
"I think exams are pointless because I hate them.","Weak","Personal Bias"
"Preparing a schedule improves productivity.","Strong","None"
"Everyone who plays sports gets hurt.","Weak","Hasty Generalization"
"Drinking tea relaxes the mind due to herbal ingredients.","Medium","None"
"If you eat sweets, you will become diabetic.","Weak","Overgeneralization"
"Learning coding improves problem-solving skills.","Strong","None"
"This phone is bad because one review said it is slow.","Weak","Hasty Generalization"
"Recycling paper saves trees and reduces waste.","Strong","None"
"Most good jobs require strong communication skills.","Medium","None"
"If you watch movies, you will become lazy.","Weak","False Cause"
"Teamwork improves results and builds trust.","Strong","None"
"I know the product is amazing because the advertisement said so.","Weak","Assertion Without Evidence"
"Open-source software improves innovation and collaboration.","Strong","None"
"All rich people are selfish.","Weak","Hasty Generalization"
"If something goes wrong today, the whole week will be ruined.","Weak","Exaggeration"
